timestamp,user,text,reply_to,reply_text
1725967960.305669,U07L3GCCF9A,Hello! I'm your Slack bot. How can I help you?,,
1725967958.372599,U07KGE52VU6,<@U07L3GCCF9A>,,
1725875569.242249,U07L3GCCF9A,<@U07L3GCCF9A> has joined the channel,,
1725871473.761719,U07L3GCCF9A,<@U07L3GCCF9A> has joined the channel,,
1725523604.221529,U07L3GCCF9A,<@U07L3GCCF9A> has joined the channel,,
1725440675.899549,U07KP07EYKV,,1725440670.443509,"Dietary fiber helps regulate blood sugar levels by slowing digestion and absorption, and it promotes satiety, which can aid in weight management."
1725440697.299159,U07KP07EYKV,,1725440670.443509,Understanding how to increase fiber intake and incorporate it effectively into the diet can be challenging.
1725440701.631419,U07KP07EYKV,,1725440670.443509,"Increase fiber intake by consuming more fruits, vegetables, whole grains, legumes, and nuts. Aim for a daily fiber intake of about 25-38 grams. Drinking plenty of water and gradually increasing fiber intake can help prevent digestive discomfort."
1725440670.443509,U07KP07EYKV,What is the role of dietary fiber in regulating blood sugar levels and reducing appetite?,,
1725440657.579159,U07KP07EYKV,,1725440620.757969,"Balanced meal planning helps in managing calorie intake, ensuring nutrient adequacy, and supporting overall health."
1725440660.514639,U07KP07EYKV,,1725440620.757969,Creating and adhering to a balanced meal plan can be time-consuming and requires knowledge of nutritional needs.
1725440664.766909,U07KP07EYKV,,1725440620.757969,"Plan meals with a balance of proteins, carbohydrates, and healthy fats, incorporating a variety of fruits, vegetables, and whole grains. Use tools like meal planners or apps to track and manage intake. Setting realistic goals and making gradual changes can support long-term success."
1725440620.757969,U07KP07EYKV,*How can balanced meal planning contribute to long-term weight management and health goals?*,,
1725440594.499239,U07KP07EYKV,,1725440551.115479,"Vitamin D is crucial for calcium absorption, bone health, and immune function"
1725440598.080839,U07KP07EYKV,,1725440551.115479,"Obtaining sufficient vitamin D through diet alone can be difficult, especially in regions with limited sunlight."
1725440601.859109,U07KP07EYKV,,1725440551.115479,"â€¢ Include vitamin D-rich foods such as fatty fish, fortified dairy products, and egg yolks in your diet. Consider vitamin D supplements if needed, particularly in areas with low sunlight exposure. Regular sun exposure and maintaining adequate vitamin D levels can support overall health.
"
1725440551.115479,U07KP07EYKV,What are the benefits of consuming foods rich in vitamin D for bone and immune health?,,
1725440534.161509,U07KP07EYKV,,1725440528.117749,"Trans fats increase LDL cholesterol and lower HDL cholesterol, contributing to heart disease."
1725440538.204179,U07KP07EYKV,,1725440528.117749,Identifying sources of trans fats and eliminating them can be challenging due to their presence in many processed foods.
1725440541.863789,U07KP07EYKV,,1725440528.117749,"Avoid or minimize intake of foods high in trans fats, such as fried foods, baked goods, and some margarines. Focus on consuming healthy fats from sources like avocados, nuts, and olive oil. Reading food labels and choosing whole, unprocessed foods can help reduce trans fat intake."
1725440528.117749,U07KP07EYKV,How can reducing the intake of trans fats contribute to better heart health?,,
1725440515.063059,U07KP07EYKV,,1725440507.498809,"Low-carb diets can impact energy availability and performance, especially for high-intensity and endurance activities."
1725440518.173529,U07KP07EYKV,,1725440507.498809,Balancing carbohydrate intake with performance needs requires careful planning and adjustment.
1725440521.692199,U07KP07EYKV,,1725440507.498809,"For athletes, moderate carbohydrate intake is often recommended to maintain energy levels and optimize performance. Incorporate complex carbohydrates such as whole grains and starchy vegetables around workouts. Adjust the diet based on specific training goals and consult with a sports nutritionist for personalized guidance."
1725440507.498809,U07KP07EYKV,What are the potential effects of a low-carb diet on athletic performance and energy levels?,,
1725440493.696309,U07KP07EYKV,,1725440487.007779,"Calcium is essential for maintaining bone density and strength, which helps prevent osteoporosis and fractures."
1725440497.277289,U07KP07EYKV,,1725440487.007779,"Ensuring adequate calcium intake through diet or supplements can be complex, especially if dietary sources are limited."
1725440501.311959,U07KP07EYKV,,1725440487.007779,"Consume calcium-rich foods such as dairy products, leafy greens, and fortified plant-based milks. If necessary, use calcium supplements to meet daily needs. Combining calcium intake with vitamin D (which aids calcium absorption) is crucial for bone health."
1725440487.007779,U07KP07EYKV,How can a diet high in calcium support bone health and prevent osteoporosis?,,
